{
    "train_loss": [
        1.8674249418757178,
        1.5344148671085185,
        1.3304584568197078,
        1.2192800112745978,
        1.1457223675467751
    ],
    "train_acc": [
        31.90888888888889,
        52.2,
        63.44444444444444,
        68.77777777777777,
        72.65555555555555
    ],
    "val_loss": [
        1.7350728809833527,
        1.4421290338039399,
        1.2847180485725402,
        1.1824722468852997,
        1.1048268139362336
    ],
    "val_acc": [
        40.28,
        57.08,
        63.32,
        68.14,
        72.84
    ],
    "learning_rates": [
        0.0009045084971874737,
        0.0006545084971874737,
        0.00034549150281252633,
        9.549150281252633e-05,
        0.0
    ],
    "epoch_times": [],
    "model_name": "SimpleUNet",
    "config": {
        "data_config": {
            "batch_size": 256,
            "num_workers": 4,
            "pin_memory": true,
            "train_val_split": 0.9
        },
        "train_config": {
            "epochs": 5,
            "learning_rate": 0.001,
            "weight_decay": 0.0001,
            "device": "cuda:0",
            "gradient_clip": 1.0,
            "scheduler": {
                "type": "CosineAnnealingLR",
                "T_max": 5,
                "eta_min": 0
            },
            "early_stopping": {
                "patience": 20,
                "min_delta": 0.001
            }
        },
        "model_config": {
            "num_classes": 10,
            "basic_cnn": {
                "conv1_out": 6,
                "conv2_out": 16,
                "fc1_out": 120,
                "fc2_out": 84
            },
            "resnet18": {
                "block_config": [
                    2,
                    2,
                    2,
                    2
                ],
                "init_channels": 64
            }
        },
        "paths": {
            "data_dir": "./data",
            "save_dir": "./checkpoints",
            "best_model_path": "best_model.pt"
        }
    }
}