{
    "train_loss": [
        1.622805504636331,
        1.2442930117249489,
        1.0662122243507342,
        0.9439497542652217,
        0.8650347519327294
    ],
    "train_acc": [
        47.602222222222224,
        66.57111111111111,
        74.9888888888889,
        80.79555555555555,
        84.41777777777777
    ],
    "val_loss": [
        1.5898455083370209,
        1.25428004860878,
        1.1237589418888092,
        0.9784333884716034,
        0.882045978307724
    ],
    "val_acc": [
        52.46,
        66.3,
        72.46,
        79.82,
        83.0
    ],
    "learning_rates": [
        0.0009045084971874737,
        0.0006545084971874737,
        0.00034549150281252633,
        9.549150281252633e-05,
        0.0
    ],
    "epoch_times": [],
    "model_name": "ResNet18",
    "config": {
        "data_config": {
            "batch_size": 256,
            "num_workers": 4,
            "pin_memory": true,
            "train_val_split": 0.9
        },
        "train_config": {
            "epochs": 5,
            "learning_rate": 0.001,
            "weight_decay": 0.0001,
            "device": "cuda:0",
            "gradient_clip": 1.0,
            "scheduler": {
                "type": "CosineAnnealingLR",
                "T_max": 5,
                "eta_min": 0
            },
            "early_stopping": {
                "patience": 20,
                "min_delta": 0.001
            }
        },
        "model_config": {
            "num_classes": 10,
            "basic_cnn": {
                "conv1_out": 6,
                "conv2_out": 16,
                "fc1_out": 120,
                "fc2_out": 84
            },
            "resnet18": {
                "block_config": [
                    2,
                    2,
                    2,
                    2
                ],
                "init_channels": 64
            }
        },
        "paths": {
            "data_dir": "./data",
            "save_dir": "./checkpoints",
            "best_model_path": "best_model.pt"
        }
    }
}